{
    "frontendModules": {
        "@ugandaemr/esm-patient-flags-app": "next",
        "@openmrs/esm-home-app": "next",
        "@ugandaemr/esm-data-visualizer-app": "next",
        "@ugandaemr/esm-patient-notes-app": "next",
        "@ugandaemr/esm-radiology-app": "next",
        "@openmrs/esm-patient-search-app": "next",
        "@openmrs/esm-form-builder-app": "next",
        "@openmrs/esm-dispensing-app": "next",
        "@ugandaemr/esm-outpatient-app": "next",
        "@openmrs/esm-appointments-app": "next",
        "@openmrs/esm-patient-programs-app": "next",
        "@ugandaemr/esm-laboratory-app": "next",
        "@openmrs/esm-patient-banner-app": "next",
        "@ugandaemr/esm-ugandaemr-app": "next",
        "@openmrs/esm-form-engine-app": "next",
        "@openmrs/esm-patient-vitals-app": "next",
        "@openmrs/esm-cohort-builder-app": "next",
        "@ugandaemr/esm-patient-registration-app": "next",
        "@ugandaemr/esm-bed-management-app": "next",
        "@ohri/openmrs-esm-ohri-form-render-app": "next",
        "@ugandaemr/esm-theatre-app": "next",
        "@ugandaemr/esm-login-app": "next",
        "@openmrs/esm-patient-chart-app": "next",
        "@openmrs/esm-implementer-tools-app": "next",
        "@ugandaemr/esm-inpatient-app": "next",
        "@openmrs/esm-patient-forms-app": "next",
        "@ugandaemr/esm-primary-navigation-app": "next",
        "@openmrs/esm-patient-list-app": "next",
        "@openmrs/esm-devtools-app": "next",
        "@openmrs/esm-system-admin-app": "next",
        "@openmrs/esm-patient-medications-app": "next",
        "@openmrs/esm-patient-allergies-app": "next",
        "@ugandaemr/esm-care-panel-app": "next",
        "@openmrs/esm-stock-management-app": "next",
        "@ugandaemr/esm-patient-queues-app": "next",
        "@openmrs/esm-patient-conditions-app": "next",
        "@openmrs/esm-patient-immunizations-app": "next",
        "@ugandaemr/esm-ugandaemr-exchange-app": "next",
        "@openmrs/esm-patient-attachments-app": "next",
        "@openmrs/esm-patient-orders-app": "next"
    },
    "importmap": "/openmrs/spa/importmap.json",
    "apiUrl": "/openmrs/",
    "configUrls": [
        "${openmrsSpaBase}/config.json"
    ],
    "spaPath": "/openmrs/spa/"
}